index,url,filename,status,size_bytes,error
1,https://www.war.gov/medialink/ufo/release_1/65_hs1-834228961_62-hq-83894_section_10.pdf,65_hs1-834228961_62-hq-83894_section_10.pdf,downloaded,106167501,
2,https://www.war.gov/medialink/ufo/release_1/65_hs1-834228961_62-hq-83894_section_2.pdf,65_hs1-834228961_62-hq-83894_section_2.pdf,downloaded,118380300,
3,https://www.war.gov/medialink/ufo/release_1/65_hs1-834228961_62-hq-83894_section_3.pdf,65_hs1-834228961_62-hq-83894_section_3.pdf,downloaded,50907255,
4,https://www.war.gov/medialink/ufo/release_1/65_hs1-834228961_62-hq-83894_section_4.pdf,65_hs1-834228961_62-hq-83894_section_4.pdf,downloaded,92073029,
5,https://www.war.gov/medialink/ufo/release_1/65_hs1-834228961_62-hq-83894_section_5.pdf,65_hs1-834228961_62-hq-83894_section_5.pdf,downloaded,58041955,
6,https://www.war.gov/medialink/ufo/release_1/65_hs1-834228961_62-hq-83894_section_6.pdf,65_hs1-834228961_62-hq-83894_section_6.pdf,downloaded,370571478,
7,https://www.war.gov/medialink/ufo/release_1/65_hs1-834228961_62-hq-83894_section_7.pdf,65_hs1-834228961_62-hq-83894_section_7.pdf,downloaded,62687106,
8,https://www.war.gov/medialink/ufo/release_1/65_hs1-834228961_62-hq-83894_section_9.pdf,65_hs1-834228961_62-hq-83894_section_9.pdf,downloaded,91452111,
9,https://www.war.gov/medialink/ufo/release_1/65_hs1-834228961_62-hq-83894_serial_130.pdf,65_hs1-834228961_62-hq-83894_serial_130.pdf,downloaded,106690293,
10,https://www.war.gov/medialink/ufo/release_1/65_hs1-834228961_62-hq-83894_serial_153.pdf,65_hs1-834228961_62-hq-83894_serial_153.pdf,downloaded,5546075,
11,https://www.war.gov/medialink/ufo/release_1/65_hs1-834228961_62-hq-83894_serial_164.pdf,65_hs1-834228961_62-hq-83894_serial_164.pdf,downloaded,30938461,
12,https://www.war.gov/medialink/ufo/release_1/65_hs1-834228961_62-hq-83894_serial_220.pdf,65_hs1-834228961_62-hq-83894_serial_220.pdf,downloaded,8421314,
13,https://www.war.gov/medialink/ufo/release_1/65_hs1-834228961_62-hq-83894_serial_403.pdf,65_hs1-834228961_62-hq-83894_serial_403.pdf,downloaded,5745008,
14,https://www.war.gov/medialink/ufo/release_1/65_hs1-834228961_62-hq-83894_serial_438.pdf,65_hs1-834228961_62-hq-83894_serial_438.pdf,downloaded,15143657,
15,https://www.war.gov/medialink/ufo/release_1/65_hs1-834228961_62-hq-83894_serial_449.pdf,65_hs1-834228961_62-hq-83894_serial_449.pdf,downloaded,12499481,
16,https://www.war.gov/medialink/ufo/release_1/65_hs1-834228961_62-hq-83894_sub_a.pdf,65_hs1-834228961_62-hq-83894_sub_a.pdf,downloaded,49325139,
17,https://www.war.gov/medialink/ufo/release_1/18_100754_ general 1946-7_vol_2.pdf,18_100754_ general 1946-7_vol_2.pdf,downloaded,61464225,
18,https://www.war.gov/medialink/ufo/release_1/18_6369445_general_1948_vol_1.pdf,18_6369445_general_1948_vol_1.pdf,downloaded,65878977,
19,https://www.war.gov/medialink/ufo/release_1/255_413270_ufo's_and_defense_what_should_we_prepare_for.pdf,255_413270_ufo's_and_defense_what_should_we_prepare_for.pdf,downloaded,33457869,
20,https://www.war.gov/medialink/ufo/release_1/255_t_763_r1b_transcripts.pdf,255_t_763_r1b_transcripts.pdf,downloaded,328211,
21,https://www.war.gov/medialink/ufo/release_1/331_120752_numeric_files_1944–1945_37153_german_armament_equipment_documents.pdf,331_120752_numeric_files_1944–1945_37153_german_armament_equipment_documents.pdf,downloaded,15892720,
22,https://www.war.gov/medialink/ufo/release_1/341_110448_records_relating_to_the_collection_and_dissemination_of_intelligence_1948-1955-ts_cont_no.2_2-5300-2-5399.pdf,341_110448_records_relating_to_the_collection_and_dissemination_of_intelligence_1948-1955-ts_cont_no.2_2-5300-2-5399.pdf,downloaded,9888054,
23,https://www.war.gov/medialink/ufo/release_1/341_110677_numerical_file_5-2500.pdf,341_110677_numerical_file_5-2500.pdf,downloaded,57343984,
24,https://www.war.gov/medialink/ufo/release_1/342_hs1-416511228_box186_319.1-flying-discs-1949.pdf,342_hs1-416511228_box186_319.1-flying-discs-1949.pdf,downloaded,123253043,
25,https://www.war.gov/medialink/ufo/release_1/38_143685_box7_incident_summaries_101-172.pdf,38_143685_box7_incident_summaries_101-172.pdf,downloaded,242733260,
26,https://www.war.gov/medialink/ufo/release_1/38_143685_box7_incident_summaries_173-233.pdf,38_143685_box7_incident_summaries_173-233.pdf,downloaded,49382924,
27,https://www.war.gov/medialink/ufo/release_1/38_143685_box7_incident_summaries_1-100.pdf,38_143685_box7_incident_summaries_1-100.pdf,downloaded,247087612,
28,https://www.war.gov/medialink/ufo/release_1/59_214434_sp_16_[7.18.1963].pdf,59_214434_sp_16_[7.18.1963].pdf,downloaded,1598931,
29,https://www.war.gov/medialink/ufo/release_1/59_214434_sp_16_7.18.1963.pdf,59_214434_sp_16_7.18.1963.pdf,downloaded,1598931,
30,https://www.war.gov/medialink/ufo/release_1/65_hs1-101634279_100-de-18221_serial_844.pdf,65_hs1-101634279_100-de-18221_serial_844.pdf,downloaded,677153,
31,https://www.war.gov/medialink/ufo/release_1/65_hs1-101634279_100-de-26505.pdf,65_hs1-101634279_100-de-26505.pdf,downloaded,12990300,
32,https://www.war.gov/medialink/ufo/release_1/65_hs1-834228961_62-hq-83894_section_1.pdf,65_hs1-834228961_62-hq-83894_section_1.pdf,downloaded,108961866,
33,https://www.war.gov/medialink/ufo/release_1/65_hs1-834228961_62-hq-83894_section_8.pdf,65_hs1-834228961_62-hq-83894_section_8.pdf,downloaded,120391107,
34,https://www.war.gov/medialink/ufo/release_1/dow-uap-d10-mission-report-middle-east-may-2022.pdf,dow-uap-d10-mission-report-middle-east-may-2022.pdf,downloaded,663290,
35,https://www.war.gov/medialink/ufo/release_1/dow-uap-d12-mission-report-iraq-may-2022.pdf,dow-uap-d12-mission-report-iraq-may-2022.pdf,downloaded,670302,
36,https://www.war.gov/medialink/ufo/release_1/dow-uap-d14-mission-report-iraq-may-2022.pdf,dow-uap-d14-mission-report-iraq-may-2022.pdf,downloaded,7463660,
37,https://www.war.gov/medialink/ufo/release_1/dow-uap-d16-mission-report-syria-july-2022.pdf,dow-uap-d16-mission-report-syria-july-2022.pdf,downloaded,6999240,
38,https://www.war.gov/medialink/ufo/release_1/dow-uap-d18-mission-report-iraq-december-2022.pdf,dow-uap-d18-mission-report-iraq-december-2022.pdf,downloaded,3673697,
39,https://www.war.gov/medialink/ufo/release_1/dow-uap-d19-mission-report-syria-february-21-2023.pdf,dow-uap-d19-mission-report-syria-february-21-2023.pdf,downloaded,5885305,
40,https://www.war.gov/medialink/ufo/release_1/dow-uap-d20-mission-report-southern-united-states-2023.pdf,dow-uap-d20-mission-report-southern-united-states-2023.pdf,downloaded,3698245,
41,https://www.war.gov/medialink/ufo/release_1/dow-uap-d23-mission-report-united-arab-emirates-october-2023.pdf,dow-uap-d23-mission-report-united-arab-emirates-october-2023.pdf,downloaded,1324277,
42,https://www.war.gov/medialink/ufo/release_1/dow-uap-d25-mission-report-greece-january-2024.pdf,dow-uap-d25-mission-report-greece-january-2024.pdf,downloaded,680054,
43,https://www.war.gov/medialink/ufo/release_1/dow-uap-d27-mission-report-united-arab-emirates-october-2023.pdf,dow-uap-d27-mission-report-united-arab-emirates-october-2023.pdf,downloaded,689226,
44,https://www.war.gov/medialink/ufo/release_1/dow-uap-d28-mission-report-east-china-sea-2024.pdf,dow-uap-d28-mission-report-east-china-sea-2024.pdf,downloaded,633172,
45,https://www.war.gov/medialink/ufo/release_1/dow-uap-d3-mission-report-arabian-gulf-2020.pdf,dow-uap-d3-mission-report-arabian-gulf-2020.pdf,downloaded,101111,
46,"https://www.war.gov/medialink/ufo/release_1/dow-uap-d32-mission-report,-syria-october-2024.pdf","dow-uap-d32-mission-report,-syria-october-2024.pdf",downloaded,651740,
47,https://www.war.gov/medialink/ufo/release_1/dow-uap-d33-mission-report-greece-october-2023.pdf,dow-uap-d33-mission-report-greece-october-2023.pdf,downloaded,897434,
48,https://www.war.gov/medialink/ufo/release_1/dow-uap-d35-mission-report-greece-october-2023.pdf,dow-uap-d35-mission-report-greece-october-2023.pdf,downloaded,1415369,
49,https://www.war.gov/medialink/ufo/release_1/dow-uap-d38-range-fouler-debrief-middle-east-may-2020.pdf,dow-uap-d38-range-fouler-debrief-middle-east-may-2020.pdf,downloaded,342668,
50,https://www.war.gov/medialink/ufo/release_1/dow-uap-d4-mission-report-arabian-gulf-2020.pdf,dow-uap-d4-mission-report-arabian-gulf-2020.pdf,downloaded,29121,
51,https://www.war.gov/medialink/ufo/release_1/dow-uap-d42-range-fouler-debrief-japan-2023.pdf,dow-uap-d42-range-fouler-debrief-japan-2023.pdf,downloaded,295621,
52,https://www.war.gov/medialink/ufo/release_1/dow-uap-d44-range-fouler-arabian-sea-october-2020.pdf,dow-uap-d44-range-fouler-arabian-sea-october-2020.pdf,downloaded,297873,
53,https://www.war.gov/medialink/ufo/release_1/dow-uap-d48-report-september-1996.pdf,dow-uap-d48-report-september-1996.pdf,downloaded,22495083,
54,https://www.war.gov/medialink/ufo/release_1/dow-uap-d49-launch-summary-february-2000.pdf,dow-uap-d49-launch-summary-february-2000.pdf,downloaded,9090715,
55,https://www.war.gov/medialink/ufo/release_1/dow-uap-d5-mission-report-arabian-gulf-2020.pdf,dow-uap-d5-mission-report-arabian-gulf-2020.pdf,downloaded,30588,
56,https://www.war.gov/medialink/ufo/release_1/dow-uap-d50-email-correspondence-indopacom-april-2025.pdf,dow-uap-d50-email-correspondence-indopacom-april-2025.pdf,downloaded,312451,
57,https://www.war.gov/medialink/ufo/release_1/dow-uap-d51-email-correspondence-pacific-time-zone-march-2023.pdf,dow-uap-d51-email-correspondence-pacific-time-zone-march-2023.pdf,downloaded,76470,
58,https://www.war.gov/medialink/ufo/release_1/dow-uap-d52-email-correspondance-na-august-2024.pdf,dow-uap-d52-email-correspondance-na-august-2024.pdf,downloaded,66874,
59,https://www.war.gov/medialink/ufo/release_1/dow-uap-d54-mission-report-mediterranean-sea-na.pdf,dow-uap-d54-mission-report-mediterranean-sea-na.pdf,downloaded,20095,
60,https://www.war.gov/medialink/ufo/release_1/dow-uap-d55-mission-report-syria-november-2016.pdf,dow-uap-d55-mission-report-syria-november-2016.pdf,downloaded,207227,
61,https://www.war.gov/medialink/ufo/release_1/dow-uap-d56-range-fouler-debrief-arabian-sea-august-2020.pdf,dow-uap-d56-range-fouler-debrief-arabian-sea-august-2020.pdf,downloaded,1849972,
62,https://www.war.gov/medialink/ufo/release_1/dow-uap-d57-mission-report-gulf-of-aden-september-2020.pdf,dow-uap-d57-mission-report-gulf-of-aden-september-2020.pdf,downloaded,295447,
63,https://www.war.gov/medialink/ufo/release_1/dow-uap-d58-range-fouler-debrief-na-october-2020.pdf,dow-uap-d58-range-fouler-debrief-na-october-2020.pdf,downloaded,301419,
64,https://www.war.gov/medialink/ufo/release_1/dow-uap-d6-mission-report-arabian-gulf-2020.pdf,dow-uap-d6-mission-report-arabian-gulf-2020.pdf,downloaded,26847,
65,https://www.war.gov/medialink/ufo/release_1/dow-uap-d60-mission-report-persian-gulf-august-2020.pdf,dow-uap-d60-mission-report-persian-gulf-august-2020.pdf,downloaded,2412310,
66,https://www.war.gov/medialink/ufo/release_1/dow-uap-d61-mission-report-persian-gulf-august-2020.pdf,dow-uap-d61-mission-report-persian-gulf-august-2020.pdf,downloaded,877324,
67,https://www.war.gov/medialink/ufo/release_1/dow-uap-d62-mission-report-strait-of-hormuz-september-2020.pdf,dow-uap-d62-mission-report-strait-of-hormuz-september-2020.pdf,downloaded,1045437,
68,https://www.war.gov/medialink/ufo/release_1/dow-uap-d63-mission-report-strait-of-hormuz-october-2020.pdf,dow-uap-d63-mission-report-strait-of-hormuz-october-2020.pdf,downloaded,3311583,
69,https://www.war.gov/medialink/ufo/release_1/dow-uap-d64-mission-report-iran-november-2020.pdf,dow-uap-d64-mission-report-iran-november-2020.pdf,downloaded,860506,
70,https://www.war.gov/medialink/ufo/release_1/dow-uap-d65-mission-report-persian-gulf-july-2020.pdf,dow-uap-d65-mission-report-persian-gulf-july-2020.pdf,downloaded,3043075,
71,https://www.war.gov/medialink/ufo/release_1/dow-uap-d7-mission-report-arabian-gulf-2020.pdf,dow-uap-d7-mission-report-arabian-gulf-2020.pdf,downloaded,27337,
72,https://www.war.gov/medialink/ufo/release_1/dow-uap-d74-mission-report-syria-november-2023.pdf,dow-uap-d74-mission-report-syria-november-2023.pdf,downloaded,719044,
73,https://www.war.gov/medialink/ufo/release_1/dow-uap-d75-mission-report-gulf-of-aden-july-2024.pdf,dow-uap-d75-mission-report-gulf-of-aden-july-2024.pdf,downloaded,792150,
74,https://www.war.gov/medialink/ufo/release_1/dow-uap-d8-mission-report-djibouti-2025.pdf,dow-uap-d8-mission-report-djibouti-2025.pdf,downloaded,29154,
75,https://www.war.gov/medialink/ufo/release_1/dow-uap-pr20.pdf,dow-uap-pr20.pdf,downloaded,2292342,
76,https://www.war.gov/medialink/ufo/release_1/fbi-photo-a1.png,fbi-photo-a1.png,downloaded,94513,
77,https://www.war.gov/medialink/ufo/release_1/fbi-photo-a2.png,fbi-photo-a2.png,downloaded,98192,
78,https://www.war.gov/medialink/ufo/release_1/fbi-photo-a3.png,fbi-photo-a3.png,downloaded,94807,
79,https://www.war.gov/medialink/ufo/release_1/fbi-photo-a4.png,fbi-photo-a4.png,downloaded,96879,
80,https://www.war.gov/medialink/ufo/release_1/fbi-photo-a5.png,fbi-photo-a5.png,downloaded,89225,
81,https://www.war.gov/medialink/ufo/release_1/fbi-photo-a6.png,fbi-photo-a6.png,downloaded,80159,
82,https://www.war.gov/medialink/ufo/release_1/fbi-photo-a7.png,fbi-photo-a7.png,downloaded,88727,
83,https://www.war.gov/medialink/ufo/release_1/fbi-photo-a8.png,fbi-photo-a8.png,downloaded,87292,
84,https://www.war.gov/medialink/ufo/release_1/fbi-photo-b1.pdf,fbi-photo-b1.pdf,downloaded,613116,
85,https://www.war.gov/medialink/ufo/release_1/fbi-photo-b10.pdf,fbi-photo-b10.pdf,downloaded,601748,
86,https://www.war.gov/medialink/ufo/release_1/fbi-photo-b11.pdf,fbi-photo-b11.pdf,downloaded,582514,
87,https://www.war.gov/medialink/ufo/release_1/fbi-photo-b12.pdf,fbi-photo-b12.pdf,downloaded,574722,
88,https://www.war.gov/medialink/ufo/release_1/fbi-photo-b13.pdf,fbi-photo-b13.pdf,downloaded,434067,
89,https://www.war.gov/medialink/ufo/release_1/fbi-photo-b14.pdf,fbi-photo-b14.pdf,downloaded,448290,
90,https://www.war.gov/medialink/ufo/release_1/fbi-photo-b15.pdf,fbi-photo-b15.pdf,downloaded,427316,
91,https://www.war.gov/medialink/ufo/release_1/fbi-photo-b16.pdf,fbi-photo-b16.pdf,downloaded,433987,
92,https://www.war.gov/medialink/ufo/release_1/fbi-photo-b17.pdf,fbi-photo-b17.pdf,downloaded,435400,
93,https://www.war.gov/medialink/ufo/release_1/fbi-photo-b18.pdf,fbi-photo-b18.pdf,downloaded,429941,
94,https://www.war.gov/medialink/ufo/release_1/fbi-photo-b19.pdf,fbi-photo-b19.pdf,downloaded,600310,
95,https://www.war.gov/medialink/ufo/release_1/fbi-photo-b2.pdf,fbi-photo-b2.pdf,downloaded,583544,
96,https://www.war.gov/medialink/ufo/release_1/fbi-photo-b20.pdf,fbi-photo-b20.pdf,downloaded,577784,
97,https://www.war.gov/medialink/ufo/release_1/fbi-photo-b21.pdf,fbi-photo-b21.pdf,downloaded,592551,
98,https://www.war.gov/medialink/ufo/release_1/fbi-photo-b22.pdf,fbi-photo-b22.pdf,downloaded,434482,
99,https://www.war.gov/medialink/ufo/release_1/fbi-photo-b23.pdf,fbi-photo-b23.pdf,downloaded,423857,
100,https://www.war.gov/medialink/ufo/release_1/fbi-photo-b24.pdf,fbi-photo-b24.pdf,downloaded,440280,
101,https://www.war.gov/medialink/ufo/release_1/fbi-photo-b3.pdf,fbi-photo-b3.pdf,downloaded,167999,
102,https://www.war.gov/medialink/ufo/release_1/fbi-photo-b4.pdf,fbi-photo-b4.pdf,downloaded,593683,
103,https://www.war.gov/medialink/ufo/release_1/fbi-photo-b5.pdf,fbi-photo-b5.pdf,downloaded,580719,
104,https://www.war.gov/medialink/ufo/release_1/fbi-photo-b6.pdf,fbi-photo-b6.pdf,downloaded,608164,
105,https://www.war.gov/medialink/ufo/release_1/fbi-photo-b7.pdf,fbi-photo-b7.pdf,downloaded,607218,
106,https://www.war.gov/medialink/ufo/release_1/fbi-photo-b8.pdf,fbi-photo-b8.pdf,downloaded,585686,
107,https://www.war.gov/medialink/ufo/release_1/fbi-photo-b9.pdf,fbi-photo-b9.pdf,downloaded,588086,
108,https://www.war.gov/medialink/ufo/release_1/nasa-uap-d1-apollo-12-transcript-1969.pdf,nasa-uap-d1-apollo-12-transcript-1969.pdf,downloaded,1030644,
109,https://www.war.gov/medialink/ufo/release_1/nasa-uap-d2-apollo-17-transcript-1972.pdf,nasa-uap-d2-apollo-17-transcript-1972.pdf,downloaded,463669,
110,https://www.war.gov/medialink/ufo/release_1/nasa-uap-d4-apollo-11-technical-crew-debriefing-1969.pdf,nasa-uap-d4-apollo-11-technical-crew-debriefing-1969.pdf,downloaded,29286242,
111,https://www.war.gov/medialink/ufo/release_1/nasa-uap-d5-apollo-17-crew-debriefing-for-science-1973.pdf,nasa-uap-d5-apollo-17-crew-debriefing-for-science-1973.pdf,downloaded,212585,
112,https://www.war.gov/medialink/ufo/release_1/nasa-uap-d6-apollo-17-technical-crew-debriefing-1973.pdf,nasa-uap-d6-apollo-17-technical-crew-debriefing-1973.pdf,downloaded,513402,
113,https://www.war.gov/medialink/ufo/release_1/nasa-uap-d7-skylab-technical-crew-debriefing-1973.pdf,nasa-uap-d7-skylab-technical-crew-debriefing-1973.pdf,downloaded,659470,
114,https://www.war.gov/medialink/ufo/release_1/nasa-uap-vm1-apollo-12-1969.jpg,nasa-uap-vm1-apollo-12-1969.jpg,downloaded,2526206,
115,https://www.war.gov/medialink/ufo/release_1/nasa-uap-vm2-apollo-12-1969.jpg,nasa-uap-vm2-apollo-12-1969.jpg,downloaded,2630734,
116,https://www.war.gov/medialink/ufo/release_1/nasa-uap-vm3-apollo-12-1969.jpg,nasa-uap-vm3-apollo-12-1969.jpg,downloaded,2534744,
117,https://www.war.gov/medialink/ufo/release_1/nasa-uap-vm4-apollo-12-1969.jpg,nasa-uap-vm4-apollo-12-1969.jpg,downloaded,2444608,
118,https://www.war.gov/medialink/ufo/release_1/nasa-uap-vm5-apollo-12-1969.jpg,nasa-uap-vm5-apollo-12-1969.jpg,downloaded,2590279,
119,https://www.war.gov/medialink/ufo/release_1/nasa-uap-vm6-apollo-17-1972.jpg,nasa-uap-vm6-apollo-17-1972.jpg,downloaded,1778754,
120,https://www.war.gov/medialink/ufo/release_1/dos-uap-d1-cable-1-papua-new-guinea-january-1985.pdf,dos-uap-d1-cable-1-papua-new-guinea-january-1985.pdf,downloaded,301285,
121,https://www.war.gov/medialink/ufo/release_1/dos-uap-d2-cable-2-kazakhstan-january-1994.pdf,dos-uap-d2-cable-2-kazakhstan-january-1994.pdf,downloaded,370719,
122,https://www.war.gov/medialink/ufo/release_1/059uap00011.pdf,059uap00011.pdf,downloaded,830359,
123,https://www.war.gov/medialink/ufo/release_1/059uap00012.pdf,059uap00012.pdf,downloaded,656720,
124,https://www.war.gov/medialink/ufo/release_1/059uap00013.pdf,059uap00013.pdf,downloaded,1221743,
125,https://www.war.gov/medialink/ufo/release_1/usper-statement-redacted.pdf,usper-statement-redacted.pdf,downloaded,786792,
126,https://www.war.gov/medialink/ufo/release_1/2024-04-30-composite-sketch.pdf,2024-04-30-composite-sketch.pdf,downloaded,109275,
127,https://www.war.gov/medialink/ufo/release_1/serial 5 redacted_redacted.pdf,serial 5 redacted_redacted.pdf,downloaded,227126,
128,https://www.war.gov/medialink/ufo/release_1/serial-3_redacted.pdf,serial-3_redacted.pdf,downloaded,275673,
129,https://www.war.gov/medialink/ufo/release_1/serial-4-redacted_redacted.pdf,serial-4-redacted_redacted.pdf,downloaded,237155,
130,https://www.war.gov/medialink/ufo/release_1/western_us_event_slides_5.08.2026.pdf,western_us_event_slides_5.08.2026.pdf,downloaded,63463,
